{
  "text": {
    "report": {
      "0": {
        "precision": 0.66,
        "recall": 1.0,
        "f1-score": 0.7951807228915663,
        "support": 132
      },
      "1": {
        "precision": 0.0,
        "recall": 0.0,
        "f1-score": 0.0,
        "support": 68
      },
      "accuracy": 0.66,
      "macro avg": {
        "precision": 0.33,
        "recall": 0.5,
        "f1-score": 0.39759036144578314,
        "support": 200
      },
      "weighted avg": {
        "precision": 0.43560000000000004,
        "recall": 0.66,
        "f1-score": 0.5248192771084337,
        "support": 200
      }
    },
    "auc": 0.5
  },
  "image": {
    "report": {
      "0": {
        "precision": 0.4375,
        "recall": 0.6086956521739131,
        "f1-score": 0.5090909090909091,
        "support": 46
      },
      "1": {
        "precision": 0.5,
        "recall": 0.3333333333333333,
        "f1-score": 0.4,
        "support": 54
      },
      "accuracy": 0.46,
      "macro avg": {
        "precision": 0.46875,
        "recall": 0.47101449275362317,
        "f1-score": 0.4545454545454546,
        "support": 100
      },
      "weighted avg": {
        "precision": 0.47125,
        "recall": 0.46,
        "f1-score": 0.45018181818181824,
        "support": 100
      }
    },
    "auc": 0.4971819645732689
  }
}